{
    "routes": {
        "Images": [
            "jpg",
            "jpeg",
            "png",
            "gif",
            "bmp",
            "tiff",
            "svg",
            "webp",
            "heic"
        ],
        "Music": [
            "mp3",
            "wav",
            "flac",
            "aac",
            "ogg",
            "wma",
            "m4a"
        ],
        "Videos": [
            "mp4",
            "mkv",
            "avi",
            "mov",
            "wmv",
            "flv",
            "webm"
        ],
        "Documents": [
            "pdf",
            "doc",
            "docx",
            "txt",
            "rtf",
            "odt",
            "xls",
            "xlsx",
            "ppt",
            "pptx",
            "csv"
        ],
        "Archives": [
            "zip",
            "rar",
            "7z",
            "tar",
            "gz",
            "bz2"
        ],
        "Executables": [
            "exe",
            "msi",
            "bat",
            "cmd",
            "ps1"
        ],
        "Shortcuts": [
            "lnk",
            "url"
        ],
        "Scripts": [
            "py",
            "js",
            "html",
            "css",
            "json",
            "xml",
            "sh",
            "ts",
            "php"
        ],
        "Fonts": [
            "ttf",
            "otf",
            "woff",
            "woff2"
        ],
        "Logs": [
            "log"
        ],
        "Other": []
    },
    "memory_threshold_mb": 200,
    "cpu_threshold_percent": 60,
    "logs_dir": "C:\\Scripts\\service-logs",
    "auth_method": "windows",
    "auth_fallback_enabled": true,
    "ldap_config": {
        "server": "",
        "base_dn": "",
        "user_dn_template": "uid={username},{base_dn}",
        "use_ssl": true,
        "bind_dn": "",
        "bind_password": "",
        "search_filter": "(uid={username})",
        "allowed_groups": []
    },
    "windows_auth_config": {
        "domain": "",
        "allowed_groups": ""
    },
    "downloads_json": "C:\\Scripts\\downloads_dashboard.json",
    "file_moves_json": "C:\\Scripts\\file_moves.json",
    "dashboard_user": "admin",
    "dashboard_pass_hash": "$2b$12$D1hFIdZNw3wV/9X1HlfmSuUP35FptUzT2vqD5z5p6QHlZh4clpzlm"
}